Region Code,Region Name,Country Code,Country Name,Year,Sex,Age group code,Age Group,Number,Percentage of cause-specific deaths out of total deaths,"Age-standardized death rate per 100 000 standard population","Death rate per 100 000 population"
EU,Europe,ALB,Albania,2010,All,Age_all,[All],12139.00000000,100.00000000,346.63272510,416.71401143,
EU,Europe,ALB,Albania,2010,Male,Age_all,[All],6551.00000000,100.00000000,413.14018789,449.41708183,
EU,Europe,ALB,Albania,2010,Female,Age_all,[All],5588.00000000,100.00000000,285.38498512,383.95919094,
AS,Asia,AZE,Azerbaijan,2007,All,Age_all,[All],50439.00000000,100.00000000,730.11141312,587.77807558,
AS,Asia,AZE,Azerbaijan,2007,Male,Age_all,[All],26517.00000000,100.00000000,860.93902569,626.64980917,
AS,Asia,AZE,Azerbaijan,2007,Female,Age_all,[All],23922.00000000,100.00000000,614.68308158,549.96264153,
AS,Asia,BHR,Bahrain,2014,All,Age_all,[All],2695.00000000,100.00000000,392.46359650,205.01125090,
AS,Asia,BHR,Bahrain,2014,Male,Age_all,[All],1638.00000000,100.00000000,393.96130165,203.10308784,
AS,Asia,BHR,Bahrain,2014,Female,Age_all,[All],1057.00000000,100.00000000,384.42525733,208.04015155,
NAC,North America and the Caribbean,BRB,Barbados,2013,All,Age_all,[All],2489.00000000,100.00000000,509.50604616,875.49596196,
NAC,North America and the Caribbean,BRB,Barbados,2013,Male,Age_all,[All],1216.00000000,100.00000000,595.20049773,889.09036404,
NAC,North America and the Caribbean,BRB,Barbados,2013,Female,Age_all,[All],1272.00000000,100.00000000,436.86946127,862.22674123,
NAC,North America and the Caribbean,BRB,Barbados,2013,Unknown,Age_all,[All],1.00000000,100.00000000,,,
AF,Africa,CPV,Cabo Verde,2011,All,Age_all,[All],2521.00000000,100.00000000,742.71081840,505.35524208,
AF,Africa,CPV,Cabo Verde,2011,Male,Age_all,[All],1483.00000000,100.00000000,1029.40090260,593.75337815,
AF,Africa,CPV,Cabo Verde,2011,Female,Age_all,[All],1038.00000000,100.00000000,532.21107317,416.71517638,
OA,Oceania,FJI,Fiji,2012,All,Age_all,[All],6766.00000000,100.00000000,1141.95044650,782.13414190,
OA,Oceania,FJI,Fiji,2012,Male,Age_all,[All],3757.00000000,100.00000000,1282.23209740,852.00858132,
OA,Oceania,FJI,Fiji,2012,Female,Age_all,[All],3009.00000000,100.00000000,1012.91634670,709.49076530,
NAC,North America and the Caribbean,JAM,Jamaica,2014,All,Age_all,[All],18320.00000000,100.00000000,582.86943230,637.18658472,
NAC,North America and the Caribbean,JAM,Jamaica,2014,Male,Age_all,[All],9514.00000000,100.00000000,644.93841476,665.68430303,
NAC,North America and the Caribbean,JAM,Jamaica,2014,Female,Age_all,[All],8806.00000000,100.00000000,525.59507249,609.01937921,
AF,Africa,STP,Sao Tome and Principe,1987,All,Age_all,[All],1006.00000000,100.00000000,1071.79794120,897.41302409,
AF,Africa,STP,Sao Tome and Principe,1987,Male,Age_all,[All],530.00000000,100.00000000,1316.92554730,949.82078853,
AF,Africa,STP,Sao Tome and Principe,1987,Female,Age_all,[All],476.00000000,100.00000000,899.83896813,845.47069272,
CSA,Central and South America,SUR,Suriname,2014,All,Age_all,[All],3150.00000000,100.00000000,659.90909300,569.33918698,
CSA,Central and South America,SUR,Suriname,2014,Male,Age_all,[All],1792.00000000,100.00000000,828.83865646,643.62036455,
CSA,Central and South America,SUR,Suriname,2014,Female,Age_all,[All],1356.00000000,100.00000000,520.26292313,493.35462957,
CSA,Central and South America,SUR,Suriname,2014,Unknown,Age_all,[All],2.00000000,100.00000000,,,
AS,Asia,SYR,Syria,2010,All,Age_all,[All],67024.00000000,100.00000000,631.46671074,313.74562441,
AS,Asia,SYR,Syria,2010,Male,Age_all,[All],38220.00000000,100.00000000,726.71632523,354.37944191,
AS,Asia,SYR,Syria,2010,Female,Age_all,[All],28804.00000000,100.00000000,540.70778411,272.31410549,
NAC,North America and the Caribbean,TTO,Trinidad and Tobago,2012,All,Age_all,[All],9616.00000000,100.00000000,663.41693858,715.04046269,
NAC,North America and the Caribbean,TTO,Trinidad and Tobago,2012,Male,Age_all,[All],5429.00000000,100.00000000,839.99448332,815.59868158,
NAC,North America and the Caribbean,TTO,Trinidad and Tobago,2012,Female,Age_all,[All],4185.00000000,100.00000000,519.80143621,616.19510931,
NAC,North America and the Caribbean,TTO,Trinidad and Tobago,2012,Unknown,Age_all,[All],2.00000000,100.00000000,,,
AS,Asia,ARE,United Arab Emirates,2020,All,Age_all,[All],10357.00000000,100.00000000,367.03810937,104.71768488,
AS,Asia,ARE,United Arab Emirates,2020,Male,Age_all,[All],7680.00000000,100.00000000,345.10306999,112.34066605,
AS,Asia,ARE,United Arab Emirates,2020,Female,Age_all,[All],2676.00000000,100.00000000,404.30821189,87.62132656,
AS,Asia,ARE,United Arab Emirates,2020,Unknown,Age_all,[All],1.00000000,100.00000000,,,
EU,Europe,AUT,Austria,2021,All,Age_all,[All],91962.00000000,100.00000000,398.99533484,1027.33390530,
EU,Europe,AUT,Austria,2021,Male,Age_all,[All],46010.00000000,100.00000000,498.39149433,1043.68032400,
EU,Europe,AUT,Austria,2021,Female,Age_all,[All],45952.00000000,100.00000000,314.29043679,1011.47194790,
EU,Europe,BLR,Belarus,2018,All,Age_all,[All],120053.00000000,100.00000000,698.89305831,1265.91461650,
EU,Europe,BLR,Belarus,2018,Male,Age_all,[All],59830.00000000,100.00000000,1041.99143280,1354.03653610,
EU,Europe,BLR,Belarus,2018,Female,Age_all,[All],60223.00000000,100.00000000,474.85597344,1189.03606200,
CSA,Central and South America,BLZ,Belize,2016,All,Age_all,[All],1802.00000000,100.00000000,677.16955794,489.14223670,
CSA,Central and South America,BLZ,Belize,2016,Male,Age_all,[All],1126.00000000,100.00000000,822.84959597,612.78244591,
CSA,Central and South America,BLZ,Belize,2016,Female,Age_all,[All],676.00000000,100.00000000,531.04489340,366.10397136,
CSA,Central and South America,BRA,Brazil,2020,All,Age_all,[All],1556824.00000000,100.00000000,631.97743293,732.41826778,
CSA,Central and South America,BRA,Brazil,2020,Male,Age_all,[All],874167.00000000,100.00000000,813.23592649,837.03781873,
CSA,Central and South America,BRA,Brazil,2020,Female,Age_all,[All],682027.00000000,100.00000000,481.60243343,630.78443189,
CSA,Central and South America,BRA,Brazil,2020,Unknown,Age_all,[All],630.00000000,100.00000000,,,
AS,Asia,BRN,Brunei,2019,All,Age_all,[All],1757.00000000,100.00000000,568.83245303,405.50676806,
AS,Asia,BRN,Brunei,2019,Male,Age_all,[All],963.00000000,100.00000000,597.32971080,428.03424274,
AS,Asia,BRN,Brunei,2019,Female,Age_all,[All],794.00000000,100.00000000,538.14781185,381.15537122,
CSA,Central and South America,CRI,Costa Rica,2020,All,Age_all,[All],25996.00000000,100.00000000,406.94252337,510.31405240,
CSA,Central and South America,CRI,Costa Rica,2020,Male,Age_all,[All],14951.00000000,100.00000000,509.65976787,587.44807621,
CSA,Central and South America,CRI,Costa Rica,2020,Female,Age_all,[All],11045.00000000,100.00000000,314.37843400,433.30071972,
EU,Europe,CZE,Czech Republic,2021,All,Age_all,[All],139891.00000000,100.00000000,583.57467729,1332.18739440,
EU,Europe,CZE,Czech Republic,2021,Male,Age_all,[All],73522.00000000,100.00000000,768.36476577,1421.00164750,
EU,Europe,CZE,Czech Republic,2021,Female,Age_all,[All],66369.00000000,100.00000000,436.57057091,1245.92304630,
EU,Europe,DEU,Germany,2020,All,Age_all,[All],985572.00000000,100.00000000,406.03550768,1185.13910230,
EU,Europe,DEU,Germany,2020,Male,Age_all,[All],492797.00000000,100.00000000,504.10463667,1201.00459970,
EU,Europe,DEU,Germany,2020,Female,Age_all,[All],492775.00000000,100.00000000,321.49954821,1169.68663130,
NAC,North America and the Caribbean,DMA,Dominica,2020,All,Age_all,[All],700.00000000,100.00000000,,,
NAC,North America and the Caribbean,DMA,Dominica,2020,Male,Age_all,[All],400.00000000,100.00000000,,,
NAC,North America and the Caribbean,DMA,Dominica,2020,Female,Age_all,[All],298.00000000,100.00000000,,,
NAC,North America and the Caribbean,DMA,Dominica,2020,Unknown,Age_all,[All],2.00000000,100.00000000,,,
NAC,North America and the Caribbean,DOM,Dominican Republic,2018,All,Age_all,[All],46260.00000000,100.00000000,457.45588479,435.30051968,
NAC,North America and the Caribbean,DOM,Dominican Republic,2018,Male,Age_all,[All],27314.00000000,100.00000000,564.95790322,514.12217225,
NAC,North America and the Caribbean,DOM,Dominican Republic,2018,Female,Age_all,[All],18942.00000000,100.00000000,355.76716752,356.42768462,
NAC,North America and the Caribbean,DOM,Dominican Republic,2018,Unknown,Age_all,[All],4.00000000,100.00000000,,,
CSA,Central and South America,ECU,Ecuador,2021,All,Age_all,[All],105248.00000000,100.00000000,590.48470496,588.35646974,
CSA,Central and South America,ECU,Ecuador,2021,Male,Age_all,[All],60008.00000000,100.00000000,726.57005583,670.84202703,
CSA,Central and South America,ECU,Ecuador,2021,Female,Age_all,[All],45240.00000000,100.00000000,467.59825049,505.85365712,
AF,Africa,EGY,Egypt,2019,All,Age_all,[All],570580.00000000,100.00000000,814.96032543,568.37429283,
AF,Africa,EGY,Egypt,2019,Male,Age_all,[All],312105.00000000,100.00000000,960.85299202,615.31744460,
AF,Africa,EGY,Egypt,2019,Female,Age_all,[All],258475.00000000,100.00000000,689.03128717,520.43192900,
EU,Europe,ESP,Spain,2021,All,Age_all,[All],450744.00000000,100.00000000,335.18420276,952.31690537,
EU,Europe,ESP,Spain,2021,Male,Age_all,[All],231410.00000000,100.00000000,438.14393383,997.83211584,
EU,Europe,ESP,Spain,2021,Female,Age_all,[All],219334.00000000,100.00000000,249.29349991,908.59053306,
EU,Europe,GBR,United Kingdom,2020,All,Age_all,[All],688806.00000000,100.00000000,431.28954337,1026.86501770,
EU,Europe,GBR,United Kingdom,2020,Male,Age_all,[All],348435.00000000,100.00000000,513.41739644,1051.29210860,
EU,Europe,GBR,United Kingdom,2020,Female,Age_all,[All],340371.00000000,100.00000000,358.86230376,1003.00768820,
AS,Asia,GEO,Georgia,2021,All,Age_all,[All],59906.00000000,100.00000000,941.62039209,1615.32218270,
AS,Asia,GEO,Georgia,2021,Male,Age_all,[All],30156.00000000,100.00000000,1261.87153940,1691.20339810,
AS,Asia,GEO,Georgia,2021,Female,Age_all,[All],29750.00000000,100.00000000,710.75287702,1545.05243050,
EU,Europe,GRC,Greece,2020,All,Age_all,[All],131084.00000000,100.00000000,397.04162419,1225.24568430,
EU,Europe,GRC,Greece,2020,Male,Age_all,[All],66209.00000000,100.00000000,497.17632729,1271.84290150,
EU,Europe,GRC,Greece,2020,Female,Age_all,[All],64868.00000000,100.00000000,309.14621087,1180.95643120,
EU,Europe,GRC,Greece,2020,Unknown,Age_all,[All],7.00000000,100.00000000,,,
NAC,North America and the Caribbean,GRD,Grenada,2021,All,Age_all,[All],1275.00000000,100.00000000,929.17631801,1128.10893550,
NAC,North America and the Caribbean,GRD,Grenada,2021,Male,Age_all,[All],720.00000000,100.00000000,1176.23328530,1265.33338020,
NAC,North America and the Caribbean,GRD,Grenada,2021,Female,Age_all,[All],555.00000000,100.00000000,713.30005965,989.07561528,
CSA,Central and South America,GUY,Guyana,2019,All,Age_all,[All],4976.00000000,100.00000000,709.32411651,635.69444764,
CSA,Central and South America,GUY,Guyana,2019,Male,Age_all,[All],2871.00000000,100.00000000,850.99213377,730.03094558,
CSA,Central and South America,GUY,Guyana,2019,Female,Age_all,[All],2099.00000000,100.00000000,572.55908637,538.89048636,
CSA,Central and South America,GUY,Guyana,2019,Unknown,Age_all,[All],6.00000000,100.00000000,,,
AS,Asia,HKG,China,2017,All,Age_all,[All],45883.00000000,100.00000000,276.20693948,620.73677233,
AS,Asia,HKG,China,2017,Male,Age_all,[All],25408.00000000,100.00000000,361.83761655,748.94620486,
AS,Asia,HKG,China,2017,Female,Age_all,[All],20471.00000000,100.00000000,203.36379935,511.87737548,
AS,Asia,HKG,China,2017,Unknown,Age_all,[All],4.00000000,100.00000000,,,
AS,Asia,IRQ,Iraq,2016,All,Age_all,[All],112830.00000000,100.00000000,561.53362869,308.18916210,
AS,Asia,IRQ,Iraq,2016,Male,Age_all,[All],64607.00000000,100.00000000,662.54469461,348.98245635,
AS,Asia,IRQ,Iraq,2016,Female,Age_all,[All],48223.00000000,100.00000000,474.49928841,266.45975970,
AS,Asia,ISR,Israel,2020,All,Age_all,[All],48797.00000000,100.00000000,342.66693583,529.53206110,
AS,Asia,ISR,Israel,2020,Male,Age_all,[All],24920.00000000,100.00000000,418.12213194,544.63053166,
AS,Asia,ISR,Israel,2020,Female,Age_all,[All],23877.00000000,100.00000000,278.13082842,514.64173352,
AS,Asia,JOR,Jordan,2018,All,Age_all,[All],16087.00000000,100.00000000,302.55711671,161.42987108,
AS,Asia,JOR,Jordan,2018,Male,Age_all,[All],9097.00000000,100.00000000,354.71185006,180.37145376,
AS,Asia,JOR,Jordan,2018,Female,Age_all,[All],6990.00000000,100.00000000,255.12630297,142.02002868,
AS,Asia,KAZ,Kazakhstan,2021,All,Age_all,[All],182403.00000000,100.00000000,984.89661731,959.87332406,
AS,Asia,KAZ,Kazakhstan,2021,Male,Age_all,[All],94836.00000000,100.00000000,1305.76741140,1028.07821270,
AS,Asia,KAZ,Kazakhstan,2021,Female,Age_all,[All],87567.00000000,100.00000000,765.00717084,895.53017264,
AS,Asia,KGZ,Kyrgyzstan,2019,All,Age_all,[All],33295.00000000,100.00000000,710.23079515,515.68067293,
AS,Asia,KGZ,Kyrgyzstan,2019,Male,Age_all,[All],18722.00000000,100.00000000,922.31518934,584.40139592,
AS,Asia,KGZ,Kyrgyzstan,2019,Female,Age_all,[All],14573.00000000,100.00000000,545.92530654,448.00093455,
NAC,North America and the Caribbean,KNA,Saint Kitts and Nevis,2016,All,Age_all,[All],401.00000000,100.00000000,,,
NAC,North America and the Caribbean,KNA,Saint Kitts and Nevis,2016,Male,Age_all,[All],243.00000000,100.00000000,,,
NAC,North America and the Caribbean,KNA,Saint Kitts and Nevis,2016,Female,Age_all,[All],158.00000000,100.00000000,,,
AS,Asia,KWT,Kuwait,2019,All,Age_all,[All],7306.00000000,100.00000000,379.81263683,157.08419399,
AS,Asia,KWT,Kuwait,2019,Male,Age_all,[All],4650.00000000,100.00000000,401.20915127,157.99581124,
AS,Asia,KWT,Kuwait,2019,Female,Age_all,[All],2656.00000000,100.00000000,349.69305192,155.51325522,
AS,Asia,LBN,Lebanon,2021,All,Age_all,[All],27579.00000000,100.00000000,415.00794894,407.42214749,
AS,Asia,LBN,Lebanon,2021,Male,Age_all,[All],15668.00000000,100.00000000,505.15102980,459.51930550,
AS,Asia,LBN,Lebanon,2021,Female,Age_all,[All],11911.00000000,100.00000000,337.63944294,354.54670203,
NAC,North America and the Caribbean,LCA,Saint Lucia,2020,All,Age_all,[All],1273.00000000,100.00000000,544.98363181,693.25317083,
NAC,North America and the Caribbean,LCA,Saint Lucia,2020,Male,Age_all,[All],714.00000000,100.00000000,642.56999535,789.63084205,
NAC,North America and the Caribbean,LCA,Saint Lucia,2020,Female,Age_all,[All],558.00000000,100.00000000,453.42039224,598.66748206,
NAC,North America and the Caribbean,LCA,Saint Lucia,2020,Unknown,Age_all,[All],1.00000000,100.00000000,,,
EU,Europe,LVA,Latvia,2021,All,Age_all,[All],34231.00000000,100.00000000,763.82893504,1816.45962570,
EU,Europe,LVA,Latvia,2021,Male,Age_all,[All],15968.00000000,100.00000000,1094.94412140,1830.89660960,
EU,Europe,LVA,Latvia,2021,Female,Age_all,[All],18263.00000000,100.00000000,535.51846785,1804.02213070,
EU,Europe,MDA,Moldova,2018,All,Age_all,[All],37200.00000000,100.00000000,750.58446433,1049.32859890,
EU,Europe,MDA,Moldova,2018,Male,Age_all,[All],19720.00000000,100.00000000,990.18678173,1157.35102770,
EU,Europe,MDA,Moldova,2018,Female,Age_all,[All],17480.00000000,100.00000000,565.53886314,949.36382305,
AS,Asia,MDV,Maldives,2019,All,Age_all,[All],1132.00000000,100.00000000,384.18988797,213.20154515,
AS,Asia,MDV,Maldives,2019,Male,Age_all,[All],714.00000000,100.00000000,447.59689796,212.45573839,
AS,Asia,MDV,Maldives,2019,Female,Age_all,[All],417.00000000,100.00000000,313.27187327,213.97014680,
AS,Asia,MDV,Maldives,2019,Unknown,Age_all,[All],1.00000000,100.00000000,,,
EU,Europe,MKD,North Macedonia,2021,All,Age_all,[All],28516.00000000,100.00000000,848.97496156,1552.55611520,
EU,Europe,MKD,North Macedonia,2021,Male,Age_all,[All],15155.00000000,100.00000000,1002.12116270,1663.39767770,
EU,Europe,MKD,North Macedonia,2021,Female,Age_all,[All],13361.00000000,100.00000000,712.87842027,1443.45556410,
EU,Europe,MNE,Montenegro,2019,All,Age_all,[All],5069.00000000,100.00000000,473.10125836,814.91508421,
EU,Europe,MNE,Montenegro,2019,Male,Age_all,[All],2657.00000000,100.00000000,572.84673820,863.68866900,
EU,Europe,MNE,Montenegro,2019,Female,Age_all,[All],2412.00000000,100.00000000,388.39016599,767.19021355,
AS,Asia,MNG,Mongolia,2021,All,Age_all,[All],19931.00000000,100.00000000,855.53651005,607.13803762,
AS,Asia,MNG,Mongolia,2021,Male,Age_all,[All],11757.00000000,100.00000000,1144.66020630,726.74135592,
AS,Asia,MNG,Mongolia,2021,Female,Age_all,[All],8174.00000000,100.00000000,635.72924603,490.92812984,
AS,Asia,MYS,Malaysia,2020,All,Age_all,[All],109155.00000000,100.00000000,371.85438021,337.25206505,
AS,Asia,MYS,Malaysia,2020,Male,Age_all,[All],65918.00000000,100.00000000,442.55743607,396.36065898,
AS,Asia,MYS,Malaysia,2020,Female,Age_all,[All],43237.00000000,100.00000000,301.10707097,274.77910174,
EU,Europe,NOR,Norway,2016,All,Age_all,[All],40609.00000000,100.00000000,355.73964438,775.55059050,
EU,Europe,NOR,Norway,2016,Male,Age_all,[All],19623.00000000,100.00000000,420.52536263,744.10706678,
EU,Europe,NOR,Norway,2016,Female,Age_all,[All],20986.00000000,100.00000000,300.04744844,807.45493368,
OA,Oceania,NZL,New Zealand,2016,All,Age_all,[All],31398.00000000,100.00000000,364.21827279,669.08033951,
OA,Oceania,NZL,New Zealand,2016,Male,Age_all,[All],15898.00000000,100.00000000,425.24282001,688.58579602,
OA,Oceania,NZL,New Zealand,2016,Female,Age_all,[All],15500.00000000,100.00000000,309.83949811,650.18960368,
AS,Asia,OMN,Oman,2021,All,Age_all,[All],12546.00000000,100.00000000,602.16899747,277.10987608,
AS,Asia,OMN,Oman,2021,Male,Age_all,[All],7799.00000000,100.00000000,679.20816540,282.45436510,
AS,Asia,OMN,Oman,2021,Female,Age_all,[All],4747.00000000,100.00000000,514.01438741,268.75510957,
CSA,Central and South America,PER,Peru,2020,All,Age_all,[All],233997.00000000,100.00000000,663.72686271,709.68711678,
CSA,Central and South America,PER,Peru,2020,Male,Age_all,[All],139731.00000000,100.00000000,846.37761885,853.13121275,
CSA,Central and South America,PER,Peru,2020,Female,Age_all,[All],94266.00000000,100.00000000,499.48664983,568.09881614,
AS,Asia,PHL,Philippines,2019,All,Age_all,[All],620414.00000000,100.00000000,783.36828951,578.26889549,
AS,Asia,PHL,Philippines,2019,Male,Age_all,[All],354486.00000000,100.00000000,980.17253474,654.01746323,
AS,Asia,PHL,Philippines,2019,Female,Age_all,[All],265928.00000000,100.00000000,614.98971148,500.93012685,
EU,Europe,PRT,Portugal,2019,All,Age_all,[All],112334.00000000,100.00000000,379.13438651,1098.49350500,
EU,Europe,PRT,Portugal,2019,Male,Age_all,[All],56214.00000000,100.00000000,499.21913725,1162.24496420,
EU,Europe,PRT,Portugal,2019,Female,Age_all,[All],56120.00000000,100.00000000,283.83088468,1041.28320530,
AS,Asia,QAT,Qatar,2021,All,Age_all,[All],2741.00000000,100.00000000,296.99313644,93.53263303,
AS,Asia,QAT,Qatar,2021,Male,Age_all,[All],1980.00000000,100.00000000,299.22141472,90.13680308,
AS,Asia,QAT,Qatar,2021,Female,Age_all,[All],761.00000000,100.00000000,308.96604922,103.69782916,
EU,Europe,ROU,Romania,2019,All,Age_all,[All],259889.00000000,100.00000000,638.27665822,1341.30477470,
EU,Europe,ROU,Romania,2019,Male,Age_all,[All],136245.00000000,100.00000000,840.95540601,1436.78024550,
EU,Europe,ROU,Romania,2019,Female,Age_all,[All],123644.00000000,100.00000000,468.53282292,1249.79101750,
EU,Europe,RUS,Russia,2019,All,Age_all,[All],1798307.00000000,100.00000000,725.04669054,1225.29978350,
EU,Europe,RUS,Russia,2019,Male,Age_all,[All],898506.00000000,100.00000000,1023.74512710,1319.20323650,
EU,Europe,RUS,Russia,2019,Female,Age_all,[All],899801.00000000,100.00000000,513.18597714,1143.98584180,
CSA,Central and South America,SLV,El Salvador,2018,All,Age_all,[All],37469.00000000,100.00000000,577.12705479,583.56147401,
CSA,Central and South America,SLV,El Salvador,2018,Male,Age_all,[All],21491.00000000,100.00000000,778.43928260,713.88520171,
CSA,Central and South America,SLV,El Salvador,2018,Female,Age_all,[All],15978.00000000,100.00000000,421.69743196,468.52018232,
EU,Europe,SVN,Slovenia,2020,All,Age_all,[All],24016.00000000,100.00000000,431.23368983,1143.55043460,
EU,Europe,SVN,Slovenia,2020,Male,Age_all,[All],11733.00000000,100.00000000,555.53174142,1112.67796640,
EU,Europe,SVN,Slovenia,2020,Female,Age_all,[All],12283.00000000,100.00000000,327.01968121,1174.68390260,
AF,Africa,SYC,Seychelles,2021,All,Age_all,[All],925.00000000,100.00000000,805.85977635,931.91480787,
AF,Africa,SYC,Seychelles,2021,Male,Age_all,[All],481.00000000,100.00000000,985.34369110,954.11897725,
AF,Africa,SYC,Seychelles,2021,Female,Age_all,[All],444.00000000,100.00000000,669.02679970,908.99785034,
AS,Asia,THA,Thailand,2019,All,Age_all,[All],494339.00000000,100.00000000,544.40525535,754.05920467,
AS,Asia,THA,Thailand,2019,Male,Age_all,[All],279924.00000000,100.00000000,695.74537606,872.17478467,
AS,Asia,THA,Thailand,2019,Female,Age_all,[All],214415.00000000,100.00000000,409.22343370,640.76949598,
AS,Asia,TJK,Tajikistan,2017,All,Age_all,[All],32024.00000000,100.00000000,710.32950039,370.34908269,
AS,Asia,TJK,Tajikistan,2017,Male,Age_all,[All],17894.00000000,100.00000000,816.45976176,408.59982290,
AS,Asia,TJK,Tajikistan,2017,Female,Age_all,[All],14130.00000000,100.00000000,611.32963712,331.09704190,
AS,Asia,TKM,Turkmenistan,2015,All,Age_all,[All],32247.00000000,100.00000000,808.94729519,579.43103384,
AS,Asia,TKM,Turkmenistan,2015,Male,Age_all,[All],18112.00000000,100.00000000,1004.26428740,661.00501082,
AS,Asia,TKM,Turkmenistan,2015,Female,Age_all,[All],14135.00000000,100.00000000,651.66436320,500.31625934,
AS,Asia,TUR,Turkey,2019,All,Age_all,[All],435941.00000000,100.00000000,477.53849187,527.90500880,
AS,Asia,TUR,Turkey,2019,Male,Age_all,[All],238044.00000000,100.00000000,597.89459440,574.56141431,
AS,Asia,TUR,Turkey,2019,Female,Age_all,[All],197897.00000000,100.00000000,375.87121867,480.92922670,
EU,Europe,UKR,Ukraine,2019,All,Age_all,[All],581114.00000000,100.00000000,741.61708232,1388.29282850,
EU,Europe,UKR,Ukraine,2019,Male,Age_all,[All],287513.00000000,100.00000000,1046.97332180,1482.07497200,
EU,Europe,UKR,Ukraine,2019,Female,Age_all,[All],293601.00000000,100.00000000,524.10381049,1307.28619000,
CSA,Central and South America,URY,Uruguay,2020,All,Age_all,[All],32637.00000000,100.00000000,509.39859348,939.53761519,
CSA,Central and South America,URY,Uruguay,2020,Male,Age_all,[All],16339.00000000,100.00000000,687.45937521,973.52377593,
CSA,Central and South America,URY,Uruguay,2020,Female,Age_all,[All],16298.00000000,100.00000000,382.33607144,907.76883698,
AS,Asia,UZB,Uzbekistan,2019,All,Age_all,[All],154569.00000000,100.00000000,659.10656294,460.29542837,
AS,Asia,UZB,Uzbekistan,2019,Male,Age_all,[All],84264.00000000,100.00000000,778.23605899,499.25544793,
AS,Asia,UZB,Uzbekistan,2019,Female,Age_all,[All],70305.00000000,100.00000000,558.13414265,420.92609489,
NAC,North America and the Caribbean,VCT,Saint Vincent and the Grenadines,2021,All,Age_all,[All],1027.00000000,100.00000000,732.14974704,923.03820677,
NAC,North America and the Caribbean,VCT,Saint Vincent and the Grenadines,2021,Male,Age_all,[All],590.00000000,100.00000000,867.41991164,1047.58522730,
NAC,North America and the Caribbean,VCT,Saint Vincent and the Grenadines,2021,Female,Age_all,[All],437.00000000,100.00000000,594.20277485,795.28289869,
CSA,Central and South America,VEN,Venezuela,2016,All,Age_all,[All],190474.00000000,100.00000000,716.50613530,638.07702557,
CSA,Central and South America,VEN,Venezuela,2016,Male,Age_all,[All],116060.00000000,100.00000000,947.62662658,783.62228083,
CSA,Central and South America,VEN,Venezuela,2016,Female,Age_all,[All],74414.00000000,100.00000000,514.31767979,494.75610653,
AF,Africa,ZAF,South Africa,2018,All,Age_all,[All],452345.00000000,100.00000000,1054.47679620,782.70512456,
AF,Africa,ZAF,South Africa,2018,Male,Age_all,[All],238543.00000000,100.00000000,1235.79468470,837.13711691,
AF,Africa,ZAF,South Africa,2018,Female,Age_all,[All],213802.00000000,100.00000000,907.14679843,729.76374342,
CSA,Central and South America,ARG,Argentina,2021,All,Age_all,[All],436799.00000000,100.00000000,704.03629835,957.77017612,
CSA,Central and South America,ARG,Argentina,2021,Male,Age_all,[All],227443.00000000,100.00000000,911.80808832,1022.00508250,
CSA,Central and South America,ARG,Argentina,2021,Female,Age_all,[All],206588.00000000,100.00000000,539.27098895,884.69831384,
CSA,Central and South America,ARG,Argentina,2021,Unknown,Age_all,[All],2768.00000000,100.00000000,,,
AS,Asia,ARM,Armenia,2022,All,Age_all,[All],26692.00000000,100.00000000,593.57970953,898.94784843,
AS,Asia,ARM,Armenia,2022,Male,Age_all,[All],13783.00000000,100.00000000,783.50286036,983.60702534,
AS,Asia,ARM,Armenia,2022,Female,Age_all,[All],12909.00000000,100.00000000,452.89313112,823.28961248,
NAC,North America and the Caribbean,ATG,Antigua and Barbuda,2021,All,Age_all,[All],676.00000000,100.00000000,584.41888979,684.68869960,
NAC,North America and the Caribbean,ATG,Antigua and Barbuda,2021,Male,Age_all,[All],348.00000000,100.00000000,653.00782978,729.89638827,
NAC,North America and the Caribbean,ATG,Antigua and Barbuda,2021,Female,Age_all,[All],328.00000000,100.00000000,524.49720042,642.50734574,
EU,Europe,BEL,Belgium,2020,All,Age_all,[All],126896.00000000,100.00000000,418.25931100,1099.75042070,
EU,Europe,BEL,Belgium,2020,Male,Age_all,[All],62208.00000000,100.00000000,514.81098398,1093.12182680,
EU,Europe,BEL,Belgium,2020,Female,Age_all,[All],64688.00000000,100.00000000,336.66407328,1106.20115970,
EU,Europe,BGR,Bulgaria,2021,All,Age_all,[All],148995.00000000,100.00000000,925.93193991,2166.33582890,
EU,Europe,BGR,Bulgaria,2021,Male,Age_all,[All],77299.00000000,100.00000000,1216.04671510,2320.93374200,
EU,Europe,BGR,Bulgaria,2021,Female,Age_all,[All],71696.00000000,100.00000000,700.82575996,2021.18301060,
NAC,North America and the Caribbean,BHS,Bahamas,2015,All,Age_all,[All],2234.00000000,100.00000000,678.98420713,596.99737578,
NAC,North America and the Caribbean,BHS,Bahamas,2015,Male,Age_all,[All],1230.00000000,100.00000000,810.42107540,677.28293908,
NAC,North America and the Caribbean,BHS,Bahamas,2015,Female,Age_all,[All],1004.00000000,100.00000000,565.25078488,521.30929634,
EU,Europe,BIH,Bosnia and Herzegovina,2022,All,Age_all,[All],41277.00000000,100.00000000,597.06848334,1202.04782330,
EU,Europe,BIH,Bosnia and Herzegovina,2022,Male,Age_all,[All],21138.00000000,100.00000000,736.69454997,1254.74580980,
EU,Europe,BIH,Bosnia and Herzegovina,2022,Female,Age_all,[All],20139.00000000,100.00000000,481.77767092,1151.29604410,
NAC,North America and the Caribbean,CAN,Canada,2022,All,Age_all,[All],334081.00000000,100.00000000,389.01247809,870.26506614,
NAC,North America and the Caribbean,CAN,Canada,2022,Male,Age_all,[All],174065.00000000,100.00000000,468.14879327,913.20427860,
NAC,North America and the Caribbean,CAN,Canada,2022,Female,Age_all,[All],160016.00000000,100.00000000,317.67441496,827.91829739,
EU,Europe,CHE,Switzerland,2021,All,Age_all,[All],71192.00000000,100.00000000,305.50439012,816.84411693,
EU,Europe,CHE,Switzerland,2021,Male,Age_all,[All],35107.00000000,100.00000000,366.55165342,811.63865839,
EU,Europe,CHE,Switzerland,2021,Female,Age_all,[All],36085.00000000,100.00000000,250.96842553,821.97297660,
CSA,Central and South America,CHL,Chile,2021,All,Age_all,[All],137629.00000000,100.00000000,468.83690265,716.35651652,
CSA,Central and South America,CHL,Chile,2021,Male,Age_all,[All],73435.00000000,100.00000000,594.75730856,775.01176739,
CSA,Central and South America,CHL,Chile,2021,Female,Age_all,[All],64182.00000000,100.00000000,363.35899859,659.15430817,
CSA,Central and South America,CHL,Chile,2021,Unknown,Age_all,[All],12.00000000,100.00000000,,,
CSA,Central and South America,COL,Colombia,2021,All,Age_all,[All],363089.00000000,100.00000000,621.31554292,708.24738592,
CSA,Central and South America,COL,Colombia,2021,Male,Age_all,[All],205427.00000000,100.00000000,786.26242114,816.11247174,
CSA,Central and South America,COL,Colombia,2021,Female,Age_all,[All],157596.00000000,100.00000000,479.79092693,603.94491040,
CSA,Central and South America,COL,Colombia,2021,Unknown,Age_all,[All],66.00000000,100.00000000,,,
NAC,North America and the Caribbean,CUB,Cuba,2021,All,Age_all,[All],167675.00000000,100.00000000,760.23353197,1481.55445920,
NAC,North America and the Caribbean,CUB,Cuba,2021,Male,Age_all,[All],92014.00000000,100.00000000,924.99896035,1637.86626330,
NAC,North America and the Caribbean,CUB,Cuba,2021,Female,Age_all,[All],75661.00000000,100.00000000,616.71906392,1327.48401240,
AS,Asia,CYP,Cyprus,2021,All,Age_all,[All],7248.00000000,100.00000000,395.54153564,801.14512465,
AS,Asia,CYP,Cyprus,2021,Male,Age_all,[All],3841.00000000,100.00000000,480.78665636,870.81116252,
AS,Asia,CYP,Cyprus,2021,Female,Age_all,[All],3407.00000000,100.00000000,320.36721526,734.86590369,
EU,Europe,DNK,Denmark,2021,All,Age_all,[All],53106.00000000,100.00000000,361.41249180,907.78323355,
EU,Europe,DNK,Denmark,2021,Male,Age_all,[All],27116.00000000,100.00000000,430.17936385,931.64746235,
EU,Europe,DNK,Denmark,2021,Female,Age_all,[All],25990.00000000,100.00000000,301.14188439,884.15434838,
EU,Europe,EST,Estonia,2022,All,Age_all,[All],17157.00000000,100.00000000,517.28041579,1297.89471300,
EU,Europe,EST,Estonia,2022,Male,Age_all,[All],8124.00000000,100.00000000,739.01169374,1293.41431770,
EU,Europe,EST,Estonia,2022,Female,Age_all,[All],9033.00000000,100.00000000,357.14905533,1301.96021910,
EU,Europe,FIN,Finland,2021,All,Age_all,[All],57632.00000000,100.00000000,375.85565216,1040.09787370,
EU,Europe,FIN,Finland,2021,Male,Age_all,[All],29140.00000000,100.00000000,477.66370981,1064.10385860,
EU,Europe,FIN,Finland,2021,Female,Age_all,[All],28492.00000000,100.00000000,288.57566617,1016.64102050,
EU,Europe,FRA,France,2020,All,Age_all,[All],652857.00000000,100.00000000,361.87963890,1000.18673730,
EU,Europe,FRA,France,2020,Male,Age_all,[All],326189.00000000,100.00000000,471.34459233,1032.59674710,
EU,Europe,FRA,France,2020,Female,Age_all,[All],326668.00000000,100.00000000,271.58430986,969.79255955,
CSA,Central and South America,GTM,Guatemala,2021,All,Age_all,[All],118465.00000000,100.00000000,905.50828143,649.12826729,
CSA,Central and South America,GTM,Guatemala,2021,Male,Age_all,[All],66951.00000000,100.00000000,1121.73875300,744.37317321,
CSA,Central and South America,GTM,Guatemala,2021,Female,Age_all,[All],51514.00000000,100.00000000,725.67548992,556.57181839,
EU,Europe,HRV,Croatia,2021,All,Age_all,[All],62712.00000000,100.00000000,621.07505077,1616.71325540,
EU,Europe,HRV,Croatia,2021,Male,Age_all,[All],31137.00000000,100.00000000,805.89435868,1666.90311060,
EU,Europe,HRV,Croatia,2021,Female,Age_all,[All],31575.00000000,100.00000000,474.36247319,1570.09407140,
EU,Europe,HUN,Hungary,2022,All,Age_all,[All],136446.00000000,100.00000000,621.34292094,1420.38643760,
EU,Europe,HUN,Hungary,2022,Male,Age_all,[All],66749.00000000,100.00000000,825.05281380,1458.63330460,
EU,Europe,HUN,Hungary,2022,Female,Age_all,[All],69697.00000000,100.00000000,469.99419384,1385.59346210,
EU,Europe,IRL,Ireland,2020,All,Age_all,[All],32856.00000000,100.00000000,367.17494027,653.21702826,
EU,Europe,IRL,Ireland,2020,Male,Age_all,[All],17051.00000000,100.00000000,435.01520033,684.29049458,
EU,Europe,IRL,Ireland,2020,Female,Age_all,[All],15805.00000000,100.00000000,306.92169637,622.71063714,
AS,Asia,IRN,Iran,2017,All,Age_all,[All],349202.00000000,100.00000000,543.26887167,432.85631857,
AS,Asia,IRN,Iran,2017,Male,Age_all,[All],198797.00000000,100.00000000,572.98995034,487.02091718,
AS,Asia,IRN,Iran,2017,Female,Age_all,[All],150264.00000000,100.00000000,520.65387225,377.02764895,
AS,Asia,IRN,Iran,2017,Unknown,Age_all,[All],141.00000000,100.00000000,,,
EU,Europe,ISL,Iceland,2022,All,Age_all,[All],2692.00000000,100.00000000,375.95515267,779.40201452,
EU,Europe,ISL,Iceland,2022,Male,Age_all,[All],1364.00000000,100.00000000,430.14404504,785.86367224,
EU,Europe,ISL,Iceland,2022,Female,Age_all,[All],1328.00000000,100.00000000,324.38483192,772.84340028,
EU,Europe,ITA,Italy,2020,All,Age_all,[All],746324.00000000,100.00000000,370.75201886,1255.61625420,
EU,Europe,ITA,Italy,2020,Male,Age_all,[All],362662.00000000,100.00000000,464.50254049,1252.36522230,
EU,Europe,ITA,Italy,2020,Female,Age_all,[All],383662.00000000,100.00000000,293.21625388,1258.70489500,
AS,Asia,JPN,Japan,2021,All,Age_all,[All],1439856.00000000,100.00000000,287.26089216,1172.70751660,
AS,Asia,JPN,Japan,2021,Male,Age_all,[All],738141.00000000,100.00000000,384.36090102,1236.69377750,
AS,Asia,JPN,Japan,2021,Female,Age_all,[All],701715.00000000,100.00000000,207.67891263,1112.17664910,
AS,Asia,KOR,South Korea,2021,All,Age_all,[All],317680.00000000,100.00000000,302.50392593,618.85811736,
AS,Asia,KOR,South Korea,2021,Male,Age_all,[All],171967.00000000,100.00000000,408.66186949,672.03217995,
AS,Asia,KOR,South Korea,2021,Female,Age_all,[All],145713.00000000,100.00000000,218.35977278,566.00430455,
AS,Asia,LKA,Sri Lanka,2019,All,Age_all,[All],146397.00000000,100.00000000,574.10840143,686.54489343,
AS,Asia,LKA,Sri Lanka,2019,Male,Age_all,[All],80777.00000000,100.00000000,733.20335486,789.34549219,
AS,Asia,LKA,Sri Lanka,2019,Female,Age_all,[All],65610.00000000,100.00000000,447.56185316,591.59704964,
AS,Asia,LKA,Sri Lanka,2019,Unknown,Age_all,[All],10.00000000,100.00000000,,,
EU,Europe,LTU,Lithuania,2022,All,Age_all,[All],42884.00000000,100.00000000,631.23434769,1514.45885480,
EU,Europe,LTU,Lithuania,2022,Male,Age_all,[All],20457.00000000,100.00000000,895.21954492,1548.35633310,
EU,Europe,LTU,Lithuania,2022,Female,Age_all,[All],22427.00000000,100.00000000,446.72314818,1484.80797860,
EU,Europe,LUX,Luxembourg,2022,All,Age_all,[All],4153.00000000,100.00000000,310.22521723,635.88744807,
EU,Europe,LUX,Luxembourg,2022,Male,Age_all,[All],2070.00000000,100.00000000,376.07585963,629.65013353,
EU,Europe,LUX,Luxembourg,2022,Female,Age_all,[All],2083.00000000,100.00000000,250.99519524,642.20947190,
CSA,Central and South America,MEX,Mexico,2021,All,Age_all,[All],1098301.00000000,100.00000000,841.33516995,843.14625816,
CSA,Central and South America,MEX,Mexico,2021,Male,Age_all,[All],633029.00000000,100.00000000,1065.17170910,993.38077783,
CSA,Central and South America,MEX,Mexico,2021,Female,Age_all,[All],464719.00000000,100.00000000,648.22287344,698.43158548,
CSA,Central and South America,MEX,Mexico,2021,Unknown,Age_all,[All],553.00000000,100.00000000,,,
EU,Europe,MLT,Malta,2020,All,Age_all,[All],4091.00000000,100.00000000,378.02999034,926.52357755,
EU,Europe,MLT,Malta,2020,Male,Age_all,[All],2122.00000000,100.00000000,469.81004541,958.35967844,
EU,Europe,MLT,Malta,2020,Female,Age_all,[All],1969.00000000,100.00000000,297.86273575,894.51614808,
AF,Africa,MUS,Mauritius,2022,All,Age_all,[All],12938.00000000,100.00000000,739.99744438,1024.99586060,
AF,Africa,MUS,Mauritius,2022,Male,Age_all,[All],7105.00000000,100.00000000,926.15473999,1139.01059180,
AF,Africa,MUS,Mauritius,2022,Female,Age_all,[All],5833.00000000,100.00000000,576.92387892,913.60174920,
CSA,Central and South America,NIC,Nicaragua,2021,All,Age_all,[All],35664.00000000,100.00000000,666.15034869,532.10909251,
CSA,Central and South America,NIC,Nicaragua,2021,Male,Age_all,[All],20041.00000000,100.00000000,858.66671397,606.72480318,
CSA,Central and South America,NIC,Nicaragua,2021,Female,Age_all,[All],15618.00000000,100.00000000,518.59136283,459.45645401,
CSA,Central and South America,NIC,Nicaragua,2021,Unknown,Age_all,[All],5.00000000,100.00000000,,,
EU,Europe,NLD,Netherlands,2022,All,Age_all,[All],170112.00000000,100.00000000,384.47445785,961.34735110,
EU,Europe,NLD,Netherlands,2022,Male,Age_all,[All],83749.00000000,100.00000000,442.15985347,952.24266912,
EU,Europe,NLD,Netherlands,2022,Female,Age_all,[All],86363.00000000,100.00000000,333.71158081,970.34429285,
CSA,Central and South America,PAN,Panama,2021,All,Age_all,[All],24663.00000000,100.00000000,499.06314927,562.87927252,
CSA,Central and South America,PAN,Panama,2021,Male,Age_all,[All],14118.00000000,100.00000000,615.46653646,643.89779365,
CSA,Central and South America,PAN,Panama,2021,Female,Age_all,[All],10545.00000000,100.00000000,391.86799444,481.72703596,
EU,Europe,POL,Poland,2021,All,Age_all,[All],519517.00000000,100.00000000,650.16255157,1376.67032740,
EU,Europe,POL,Poland,2021,Male,Age_all,[All],268658.00000000,100.00000000,883.84216299,1471.92038660,
EU,Europe,POL,Poland,2021,Female,Age_all,[All],250859.00000000,100.00000000,467.61348502,1287.44662180,
CSA,Central and South America,PRY,Paraguay,2021,All,Age_all,[All],53075.00000000,100.00000000,856.33774217,735.14766253,
CSA,Central and South America,PRY,Paraguay,2021,Male,Age_all,[All],30242.00000000,100.00000000,1014.05072370,824.60250462,
CSA,Central and South America,PRY,Paraguay,2021,Female,Age_all,[All],22822.00000000,100.00000000,704.07329350,642.47924583,
CSA,Central and South America,PRY,Paraguay,2021,Unknown,Age_all,[All],11.00000000,100.00000000,,,
AS,Asia,SGP,Singapore,2022,All,Age_all,[All],25586.00000000,100.00000000,327.67743200,628.14875336,
AS,Asia,SGP,Singapore,2022,Male,Age_all,[All],13795.00000000,100.00000000,411.38836233,693.14223811,
AS,Asia,SGP,Singapore,2022,Female,Age_all,[All],11791.00000000,100.00000000,257.88223286,566.05123217,
EU,Europe,SRB,Serbia,2022,All,Age_all,[All],109203.00000000,100.00000000,702.12341762,1638.59007700,
EU,Europe,SRB,Serbia,2022,Male,Age_all,[All],54948.00000000,100.00000000,852.38394787,1695.49577240,
EU,Europe,SRB,Serbia,2022,Female,Age_all,[All],54255.00000000,100.00000000,574.77137321,1584.72286850,
EU,Europe,SVK,Slovakia,2021,All,Age_all,[All],73461.00000000,100.00000000,716.79733828,1351.69996130,
EU,Europe,SVK,Slovakia,2021,Male,Age_all,[All],37898.00000000,100.00000000,940.28132169,1425.86091370,
EU,Europe,SVK,Slovakia,2021,Female,Age_all,[All],35563.00000000,100.00000000,541.77368513,1280.71466200,
EU,Europe,SWE,Sweden,2022,All,Age_all,[All],94823.00000000,100.00000000,335.37655388,904.20075788,
EU,Europe,SWE,Sweden,2022,Male,Age_all,[All],47558.00000000,100.00000000,393.62775023,900.80235582,
EU,Europe,SWE,Sweden,2022,Female,Age_all,[All],47265.00000000,100.00000000,283.08938418,907.64620636,
NAC,North America and the Caribbean,USA,United States,2021,All,Age_all,[All],3464231.00000000,100.00000000,564.84691318,1040.57499370,
NAC,North America and the Caribbean,USA,United States,2021,Male,Age_all,[All],1838108.00000000,100.00000000,687.85299651,1115.83460760,
NAC,North America and the Caribbean,USA,United States,2021,Female,Age_all,[All],1626123.00000000,100.00000000,452.13985622,966.86195741,
OA,Oceania,AUS,Australia,2022,All,Age_all,[All],190939.00000000,100.00000000,340.75114760,734.22432297,
OA,Oceania,AUS,Australia,2022,Male,Age_all,[All],99924.00000000,100.00000000,407.84769659,774.17045556,
OA,Oceania,AUS,Australia,2022,Female,Age_all,[All],91015.00000000,100.00000000,279.60446760,694.86089994,
AS,Asia,SAU,Saudi Arabia,2022,All,Age_all,[All],84229.00000000,100.00000000,547.46980152,261.78217128,
AS,Asia,SAU,Saudi Arabia,2022,Male,Age_all,[All],52186.00000000,100.00000000,573.37099854,265.19169687,
AS,Asia,SAU,Saudi Arabia,2022,Female,Age_all,[All],32043.00000000,100.00000000,511.49350000,256.41314950,
